--
-- PostgreSQL database dump
--

-- Dumped from database version 18.0
-- Dumped by pg_dump version 18.0

-- Started on 2026-02-17 15:02:12

SET statement_timeout = 0;
SET lock_timeout = 0;
SET idle_in_transaction_session_timeout = 0;
SET transaction_timeout = 0;
SET client_encoding = 'UTF8';
SET standard_conforming_strings = on;
SELECT pg_catalog.set_config('search_path', '', false);
SET check_function_bodies = false;
SET xmloption = content;
SET client_min_messages = warning;
SET row_security = off;

SET default_tablespace = '';

SET default_table_access_method = heap;

--
-- TOC entry 232 (class 1259 OID 34037)
-- Name: categories; Type: TABLE; Schema: public; Owner: postgres
--

CREATE TABLE public.categories (
    id integer NOT NULL,
    name character varying(255) NOT NULL
);


ALTER TABLE public.categories OWNER TO postgres;

--
-- TOC entry 231 (class 1259 OID 34036)
-- Name: categories_id_seq; Type: SEQUENCE; Schema: public; Owner: postgres
--

ALTER TABLE public.categories ALTER COLUMN id ADD GENERATED ALWAYS AS IDENTITY (
    SEQUENCE NAME public.categories_id_seq
    START WITH 1
    INCREMENT BY 1
    NO MINVALUE
    NO MAXVALUE
    CACHE 1
);


--
-- TOC entry 240 (class 1259 OID 34117)
-- Name: order_items; Type: TABLE; Schema: public; Owner: postgres
--

CREATE TABLE public.order_items (
    id integer NOT NULL,
    order_id integer NOT NULL,
    product_id integer NOT NULL,
    amount integer NOT NULL
);


ALTER TABLE public.order_items OWNER TO postgres;

--
-- TOC entry 239 (class 1259 OID 34116)
-- Name: order_items_id_seq; Type: SEQUENCE; Schema: public; Owner: postgres
--

ALTER TABLE public.order_items ALTER COLUMN id ADD GENERATED ALWAYS AS IDENTITY (
    SEQUENCE NAME public.order_items_id_seq
    START WITH 1
    INCREMENT BY 1
    NO MINVALUE
    NO MAXVALUE
    CACHE 1
);


--
-- TOC entry 234 (class 1259 OID 34045)
-- Name: order_statuses; Type: TABLE; Schema: public; Owner: postgres
--

CREATE TABLE public.order_statuses (
    id integer NOT NULL,
    name character varying(155) NOT NULL
);


ALTER TABLE public.order_statuses OWNER TO postgres;

--
-- TOC entry 233 (class 1259 OID 34044)
-- Name: order_statuses_id_seq; Type: SEQUENCE; Schema: public; Owner: postgres
--

ALTER TABLE public.order_statuses ALTER COLUMN id ADD GENERATED ALWAYS AS IDENTITY (
    SEQUENCE NAME public.order_statuses_id_seq
    START WITH 1
    INCREMENT BY 1
    NO MINVALUE
    NO MAXVALUE
    CACHE 1
);


--
-- TOC entry 238 (class 1259 OID 34090)
-- Name: orders; Type: TABLE; Schema: public; Owner: postgres
--

CREATE TABLE public.orders (
    id integer NOT NULL,
    created_at date NOT NULL,
    delivered_at date NOT NULL,
    pick_point_id integer NOT NULL,
    user_id integer NOT NULL,
    code integer,
    status_id integer NOT NULL
);


ALTER TABLE public.orders OWNER TO postgres;

--
-- TOC entry 237 (class 1259 OID 34089)
-- Name: orders_id_seq; Type: SEQUENCE; Schema: public; Owner: postgres
--

ALTER TABLE public.orders ALTER COLUMN id ADD GENERATED ALWAYS AS IDENTITY (
    SEQUENCE NAME public.orders_id_seq
    START WITH 1
    INCREMENT BY 1
    NO MINVALUE
    NO MAXVALUE
    CACHE 1
);


--
-- TOC entry 224 (class 1259 OID 34001)
-- Name: pick_points; Type: TABLE; Schema: public; Owner: postgres
--

CREATE TABLE public.pick_points (
    id integer NOT NULL,
    zipcode integer NOT NULL,
    city character varying(255) NOT NULL,
    street character varying(255) NOT NULL,
    builder integer
);


ALTER TABLE public.pick_points OWNER TO postgres;

--
-- TOC entry 223 (class 1259 OID 34000)
-- Name: pick_points_id_seq; Type: SEQUENCE; Schema: public; Owner: postgres
--

ALTER TABLE public.pick_points ALTER COLUMN id ADD GENERATED ALWAYS AS IDENTITY (
    SEQUENCE NAME public.pick_points_id_seq
    START WITH 1
    INCREMENT BY 1
    NO MINVALUE
    NO MAXVALUE
    CACHE 1
);


--
-- TOC entry 230 (class 1259 OID 34029)
-- Name: producers; Type: TABLE; Schema: public; Owner: postgres
--

CREATE TABLE public.producers (
    id integer NOT NULL,
    name character varying(255) NOT NULL
);


ALTER TABLE public.producers OWNER TO postgres;

--
-- TOC entry 229 (class 1259 OID 34028)
-- Name: producers_id_seq; Type: SEQUENCE; Schema: public; Owner: postgres
--

ALTER TABLE public.producers ALTER COLUMN id ADD GENERATED ALWAYS AS IDENTITY (
    SEQUENCE NAME public.producers_id_seq
    START WITH 1
    INCREMENT BY 1
    NO MINVALUE
    NO MAXVALUE
    CACHE 1
);


--
-- TOC entry 236 (class 1259 OID 34053)
-- Name: products; Type: TABLE; Schema: public; Owner: postgres
--

CREATE TABLE public.products (
    id integer NOT NULL,
    article character varying(50) NOT NULL,
    name character varying(255) NOT NULL,
    unit_id integer NOT NULL,
    price integer NOT NULL,
    provider_id integer NOT NULL,
    producer_id integer NOT NULL,
    category_id integer NOT NULL,
    sale integer,
    amount integer NOT NULL,
    description text,
    image text
);


ALTER TABLE public.products OWNER TO postgres;

--
-- TOC entry 235 (class 1259 OID 34052)
-- Name: products_id_seq; Type: SEQUENCE; Schema: public; Owner: postgres
--

ALTER TABLE public.products ALTER COLUMN id ADD GENERATED ALWAYS AS IDENTITY (
    SEQUENCE NAME public.products_id_seq
    START WITH 1
    INCREMENT BY 1
    NO MINVALUE
    NO MAXVALUE
    CACHE 1
);


--
-- TOC entry 228 (class 1259 OID 34021)
-- Name: providers; Type: TABLE; Schema: public; Owner: postgres
--

CREATE TABLE public.providers (
    id integer NOT NULL,
    name character varying(255) NOT NULL
);


ALTER TABLE public.providers OWNER TO postgres;

--
-- TOC entry 227 (class 1259 OID 34020)
-- Name: providers_id_seq; Type: SEQUENCE; Schema: public; Owner: postgres
--

ALTER TABLE public.providers ALTER COLUMN id ADD GENERATED ALWAYS AS IDENTITY (
    SEQUENCE NAME public.providers_id_seq
    START WITH 1
    INCREMENT BY 1
    NO MINVALUE
    NO MAXVALUE
    CACHE 1
);


--
-- TOC entry 220 (class 1259 OID 33974)
-- Name: roles; Type: TABLE; Schema: public; Owner: postgres
--

CREATE TABLE public.roles (
    id integer NOT NULL,
    name character varying(155) NOT NULL
);


ALTER TABLE public.roles OWNER TO postgres;

--
-- TOC entry 219 (class 1259 OID 33973)
-- Name: roles_id_seq; Type: SEQUENCE; Schema: public; Owner: postgres
--

ALTER TABLE public.roles ALTER COLUMN id ADD GENERATED ALWAYS AS IDENTITY (
    SEQUENCE NAME public.roles_id_seq
    START WITH 1
    INCREMENT BY 1
    NO MINVALUE
    NO MAXVALUE
    CACHE 1
);


--
-- TOC entry 226 (class 1259 OID 34013)
-- Name: units; Type: TABLE; Schema: public; Owner: postgres
--

CREATE TABLE public.units (
    id integer NOT NULL,
    name character varying(50) NOT NULL
);


ALTER TABLE public.units OWNER TO postgres;

--
-- TOC entry 225 (class 1259 OID 34012)
-- Name: units_id_seq; Type: SEQUENCE; Schema: public; Owner: postgres
--

ALTER TABLE public.units ALTER COLUMN id ADD GENERATED ALWAYS AS IDENTITY (
    SEQUENCE NAME public.units_id_seq
    START WITH 1
    INCREMENT BY 1
    NO MINVALUE
    NO MAXVALUE
    CACHE 1
);


--
-- TOC entry 222 (class 1259 OID 33982)
-- Name: users; Type: TABLE; Schema: public; Owner: postgres
--

CREATE TABLE public.users (
    id integer NOT NULL,
    role_id integer NOT NULL,
    last_name character varying(255) NOT NULL,
    first_name character varying(255) NOT NULL,
    middle_name character varying(255),
    login character varying(255) NOT NULL,
    password character varying(255) NOT NULL
);


ALTER TABLE public.users OWNER TO postgres;

--
-- TOC entry 221 (class 1259 OID 33981)
-- Name: users_id_seq; Type: SEQUENCE; Schema: public; Owner: postgres
--

ALTER TABLE public.users ALTER COLUMN id ADD GENERATED ALWAYS AS IDENTITY (
    SEQUENCE NAME public.users_id_seq
    START WITH 1
    INCREMENT BY 1
    NO MINVALUE
    NO MAXVALUE
    CACHE 1
);


--
-- TOC entry 5098 (class 0 OID 34037)
-- Dependencies: 232
-- Data for Name: categories; Type: TABLE DATA; Schema: public; Owner: postgres
--

INSERT INTO public.categories OVERRIDING SYSTEM VALUE VALUES (1, 'Женская обувь');
INSERT INTO public.categories OVERRIDING SYSTEM VALUE VALUES (2, 'Мужская обувь');


--
-- TOC entry 5106 (class 0 OID 34117)
-- Dependencies: 240
-- Data for Name: order_items; Type: TABLE DATA; Schema: public; Owner: postgres
--

INSERT INTO public.order_items OVERRIDING SYSTEM VALUE VALUES (1, 1, 1, 2);
INSERT INTO public.order_items OVERRIDING SYSTEM VALUE VALUES (2, 2, 3, 1);
INSERT INTO public.order_items OVERRIDING SYSTEM VALUE VALUES (3, 3, 5, 10);
INSERT INTO public.order_items OVERRIDING SYSTEM VALUE VALUES (4, 4, 7, 5);
INSERT INTO public.order_items OVERRIDING SYSTEM VALUE VALUES (5, 5, 1, 2);
INSERT INTO public.order_items OVERRIDING SYSTEM VALUE VALUES (6, 6, 3, 1);
INSERT INTO public.order_items OVERRIDING SYSTEM VALUE VALUES (7, 7, 5, 10);
INSERT INTO public.order_items OVERRIDING SYSTEM VALUE VALUES (8, 8, 7, 5);
INSERT INTO public.order_items OVERRIDING SYSTEM VALUE VALUES (9, 9, 9, 5);
INSERT INTO public.order_items OVERRIDING SYSTEM VALUE VALUES (10, 10, 11, 5);
INSERT INTO public.order_items OVERRIDING SYSTEM VALUE VALUES (11, 1, 2, 2);
INSERT INTO public.order_items OVERRIDING SYSTEM VALUE VALUES (12, 2, 4, 1);
INSERT INTO public.order_items OVERRIDING SYSTEM VALUE VALUES (13, 3, 6, 10);
INSERT INTO public.order_items OVERRIDING SYSTEM VALUE VALUES (14, 4, 8, 4);
INSERT INTO public.order_items OVERRIDING SYSTEM VALUE VALUES (15, 5, 2, 2);
INSERT INTO public.order_items OVERRIDING SYSTEM VALUE VALUES (16, 6, 4, 1);
INSERT INTO public.order_items OVERRIDING SYSTEM VALUE VALUES (17, 7, 6, 10);
INSERT INTO public.order_items OVERRIDING SYSTEM VALUE VALUES (18, 8, 8, 4);
INSERT INTO public.order_items OVERRIDING SYSTEM VALUE VALUES (19, 9, 10, 1);
INSERT INTO public.order_items OVERRIDING SYSTEM VALUE VALUES (20, 10, 12, 5);


--
-- TOC entry 5100 (class 0 OID 34045)
-- Dependencies: 234
-- Data for Name: order_statuses; Type: TABLE DATA; Schema: public; Owner: postgres
--

INSERT INTO public.order_statuses OVERRIDING SYSTEM VALUE VALUES (1, 'Завершен');
INSERT INTO public.order_statuses OVERRIDING SYSTEM VALUE VALUES (2, 'Новый ');


--
-- TOC entry 5104 (class 0 OID 34090)
-- Dependencies: 238
-- Data for Name: orders; Type: TABLE DATA; Schema: public; Owner: postgres
--

INSERT INTO public.orders OVERRIDING SYSTEM VALUE VALUES (1, '2025-02-27', '2025-04-20', 1, 4, 901, 1);
INSERT INTO public.orders OVERRIDING SYSTEM VALUE VALUES (2, '2022-09-28', '2025-04-21', 11, 1, 902, 1);
INSERT INTO public.orders OVERRIDING SYSTEM VALUE VALUES (3, '2025-03-21', '2025-04-22', 2, 2, 903, 1);
INSERT INTO public.orders OVERRIDING SYSTEM VALUE VALUES (4, '2025-02-20', '2025-04-23', 11, 3, 904, 1);
INSERT INTO public.orders OVERRIDING SYSTEM VALUE VALUES (5, '2025-03-17', '2025-04-24', 2, 4, 905, 1);
INSERT INTO public.orders OVERRIDING SYSTEM VALUE VALUES (6, '2025-03-01', '2025-04-25', 15, 1, 906, 1);
INSERT INTO public.orders OVERRIDING SYSTEM VALUE VALUES (7, '2025-02-28', '2025-04-26', 3, 2, 907, 1);
INSERT INTO public.orders OVERRIDING SYSTEM VALUE VALUES (8, '2025-03-31', '2025-04-27', 19, 3, 908, 2);
INSERT INTO public.orders OVERRIDING SYSTEM VALUE VALUES (9, '2025-04-02', '2025-04-28', 5, 4, 909, 2);
INSERT INTO public.orders OVERRIDING SYSTEM VALUE VALUES (10, '2025-04-03', '2025-04-29', 19, 4, 910, 2);


--
-- TOC entry 5090 (class 0 OID 34001)
-- Dependencies: 224
-- Data for Name: pick_points; Type: TABLE DATA; Schema: public; Owner: postgres
--

INSERT INTO public.pick_points OVERRIDING SYSTEM VALUE VALUES (1, 420151, 'Лесной', 'Вишневая', 32);
INSERT INTO public.pick_points OVERRIDING SYSTEM VALUE VALUES (2, 125061, 'Лесной', 'Подгорная', 8);
INSERT INTO public.pick_points OVERRIDING SYSTEM VALUE VALUES (3, 630370, 'Лесной', 'Шоссейная', 24);
INSERT INTO public.pick_points OVERRIDING SYSTEM VALUE VALUES (4, 400562, 'Лесной', 'Зеленая', 32);
INSERT INTO public.pick_points OVERRIDING SYSTEM VALUE VALUES (5, 614510, 'Лесной', 'Маяковского', 47);
INSERT INTO public.pick_points OVERRIDING SYSTEM VALUE VALUES (6, 410542, 'Лесной', 'Светлая', 46);
INSERT INTO public.pick_points OVERRIDING SYSTEM VALUE VALUES (7, 620839, 'Лесной', 'Цветочная', 8);
INSERT INTO public.pick_points OVERRIDING SYSTEM VALUE VALUES (8, 443890, 'Лесной', 'Коммунистическая', 1);
INSERT INTO public.pick_points OVERRIDING SYSTEM VALUE VALUES (9, 603379, 'Лесной', 'Спортивная', 46);
INSERT INTO public.pick_points OVERRIDING SYSTEM VALUE VALUES (10, 603721, 'Лесной', 'Гоголя', 41);
INSERT INTO public.pick_points OVERRIDING SYSTEM VALUE VALUES (11, 410172, 'Лесной', 'Северная', 13);
INSERT INTO public.pick_points OVERRIDING SYSTEM VALUE VALUES (12, 614611, 'Лесной', 'Молодежная', 50);
INSERT INTO public.pick_points OVERRIDING SYSTEM VALUE VALUES (13, 454311, 'Лесной', 'Новая', 19);
INSERT INTO public.pick_points OVERRIDING SYSTEM VALUE VALUES (14, 660007, 'Лесной', 'Октябрьская', 19);
INSERT INTO public.pick_points OVERRIDING SYSTEM VALUE VALUES (15, 603036, 'Лесной', 'Садовая', 4);
INSERT INTO public.pick_points OVERRIDING SYSTEM VALUE VALUES (16, 394060, 'Лесной', 'Фрунзе', 43);
INSERT INTO public.pick_points OVERRIDING SYSTEM VALUE VALUES (17, 410661, 'Лесной', 'Школьная', 50);
INSERT INTO public.pick_points OVERRIDING SYSTEM VALUE VALUES (18, 625590, 'Лесной', 'Коммунистическая', 20);
INSERT INTO public.pick_points OVERRIDING SYSTEM VALUE VALUES (19, 625683, 'Лесной', '8 Марта', NULL);
INSERT INTO public.pick_points OVERRIDING SYSTEM VALUE VALUES (20, 450983, 'Лесной', 'Комсомольская', 26);
INSERT INTO public.pick_points OVERRIDING SYSTEM VALUE VALUES (21, 394782, 'Лесной', 'Чехова', 3);
INSERT INTO public.pick_points OVERRIDING SYSTEM VALUE VALUES (22, 603002, 'Лесной', 'Дзержинского', 28);
INSERT INTO public.pick_points OVERRIDING SYSTEM VALUE VALUES (23, 450558, 'Лесной', 'Набережная', 30);
INSERT INTO public.pick_points OVERRIDING SYSTEM VALUE VALUES (24, 344288, 'Лесной', 'Чехова', 1);
INSERT INTO public.pick_points OVERRIDING SYSTEM VALUE VALUES (25, 614164, 'Лесной', 'Степная', 30);
INSERT INTO public.pick_points OVERRIDING SYSTEM VALUE VALUES (26, 394242, 'Лесной', 'Коммунистическая', 43);
INSERT INTO public.pick_points OVERRIDING SYSTEM VALUE VALUES (27, 660540, 'Лесной', 'Солнечная', 25);
INSERT INTO public.pick_points OVERRIDING SYSTEM VALUE VALUES (28, 125837, 'Лесной', 'Шоссейная', 40);
INSERT INTO public.pick_points OVERRIDING SYSTEM VALUE VALUES (29, 125703, 'Лесной', 'Партизанская', 49);
INSERT INTO public.pick_points OVERRIDING SYSTEM VALUE VALUES (30, 625283, 'Лесной', 'Победы', 46);
INSERT INTO public.pick_points OVERRIDING SYSTEM VALUE VALUES (31, 614753, 'Лесной', 'Полевая', 35);
INSERT INTO public.pick_points OVERRIDING SYSTEM VALUE VALUES (32, 426030, 'Лесной', 'Маяковского', 44);
INSERT INTO public.pick_points OVERRIDING SYSTEM VALUE VALUES (33, 450375, 'Лесной', 'Клубная', 44);
INSERT INTO public.pick_points OVERRIDING SYSTEM VALUE VALUES (34, 625560, 'Лесной', 'Некрасова', 12);
INSERT INTO public.pick_points OVERRIDING SYSTEM VALUE VALUES (35, 630201, 'Лесной', 'Комсомольская', 17);
INSERT INTO public.pick_points OVERRIDING SYSTEM VALUE VALUES (36, 190949, 'Лесной', 'Мичурина', 26);


--
-- TOC entry 5096 (class 0 OID 34029)
-- Dependencies: 230
-- Data for Name: producers; Type: TABLE DATA; Schema: public; Owner: postgres
--

INSERT INTO public.producers OVERRIDING SYSTEM VALUE VALUES (1, 'Kari');
INSERT INTO public.producers OVERRIDING SYSTEM VALUE VALUES (2, 'Marco Tozzi');
INSERT INTO public.producers OVERRIDING SYSTEM VALUE VALUES (3, 'Рос');
INSERT INTO public.producers OVERRIDING SYSTEM VALUE VALUES (4, 'Rieker');
INSERT INTO public.producers OVERRIDING SYSTEM VALUE VALUES (5, 'Alessio Nesca');
INSERT INTO public.producers OVERRIDING SYSTEM VALUE VALUES (6, 'CROSBY');


--
-- TOC entry 5102 (class 0 OID 34053)
-- Dependencies: 236
-- Data for Name: products; Type: TABLE DATA; Schema: public; Owner: postgres
--

INSERT INTO public.products OVERRIDING SYSTEM VALUE VALUES (1, 'А112Т4', 'Ботинки', 1, 4990, 1, 1, 1, 3, 6, 'Женские Ботинки демисезонные kari', 'resources/images/1.jpg');
INSERT INTO public.products OVERRIDING SYSTEM VALUE VALUES (2, 'F635R4', 'Ботинки', 1, 3244, 2, 2, 1, 2, 13, 'Ботинки Marco Tozzi женские демисезонные, размер 39, цвет бежевый', 'resources/images/2.jpg');
INSERT INTO public.products OVERRIDING SYSTEM VALUE VALUES (3, 'H782T5', 'Туфли', 1, 4499, 1, 1, 2, 4, 5, 'Туфли kari мужские классика MYZ21AW-450A, размер 43, цвет: черный', 'resources/images/3.jpg');
INSERT INTO public.products OVERRIDING SYSTEM VALUE VALUES (4, 'G783F5', 'Ботинки', 1, 5900, 1, 3, 2, 2, 8, 'Мужские ботинки Рос-Обувь кожаные с натуральным мехом', 'resources/images/4.jpg');
INSERT INTO public.products OVERRIDING SYSTEM VALUE VALUES (5, 'J384T6', 'Ботинки', 1, 3800, 2, 4, 2, 2, 16, 'B3430/14 Полуботинки мужские Rieker', 'resources/images/5.jpg');
INSERT INTO public.products OVERRIDING SYSTEM VALUE VALUES (6, 'D572U8', 'Кроссовки', 1, 4100, 2, 3, 2, 3, 6, '129615-4 Кроссовки мужские', 'resources/images/6.jpg');
INSERT INTO public.products OVERRIDING SYSTEM VALUE VALUES (7, 'F572H7', 'Туфли', 1, 2700, 1, 2, 1, 2, 14, 'Туфли Marco Tozzi женские летние, размер 39, цвет черный', 'resources/images/7.jpg');
INSERT INTO public.products OVERRIDING SYSTEM VALUE VALUES (8, 'D329H3', 'Полуботинки', 1, 1890, 2, 5, 1, 4, 4, 'Полуботинки Alessio Nesca женские 3-30797-47, размер 37, цвет: бордовый', 'resources/images/8.jpg');
INSERT INTO public.products OVERRIDING SYSTEM VALUE VALUES (9, 'B320R5', 'Туфли', 1, 4300, 1, 4, 1, 2, 6, 'Туфли Rieker женские демисезонные, размер 41, цвет коричневый', 'resources/images/9.jpg');
INSERT INTO public.products OVERRIDING SYSTEM VALUE VALUES (10, 'G432E4', 'Туфли', 1, 2800, 1, 1, 1, 3, 15, 'Туфли kari женские TR-YR-413017, размер 37, цвет: черный', 'resources/images/10.jpg');
INSERT INTO public.products OVERRIDING SYSTEM VALUE VALUES (11, 'S213E3', 'Полуботинки', 1, 2156, 2, 6, 2, 3, 6, '407700/01-01 Полуботинки мужские CROSBY', NULL);
INSERT INTO public.products OVERRIDING SYSTEM VALUE VALUES (12, 'E482R4', 'Полуботинки', 1, 1800, 1, 1, 1, 2, 14, 'Полуботинки kari женские MYZ20S-149, размер 41, цвет: черный', NULL);
INSERT INTO public.products OVERRIDING SYSTEM VALUE VALUES (13, 'S634B5', 'Кеды', 1, 5500, 2, 6, 2, 3, 6, 'Кеды Caprice мужские демисезонные, размер 42, цвет черный', NULL);
INSERT INTO public.products OVERRIDING SYSTEM VALUE VALUES (14, 'K345R4', 'Полуботинки', 1, 2100, 2, 6, 2, 2, 3, '407700/01-02 Полуботинки мужские CROSBY', NULL);
INSERT INTO public.products OVERRIDING SYSTEM VALUE VALUES (15, 'O754F4', 'Туфли', 1, 5400, 2, 4, 1, 4, 18, 'Туфли женские демисезонные Rieker артикул 55073-68/37', NULL);
INSERT INTO public.products OVERRIDING SYSTEM VALUE VALUES (16, 'G531F4', 'Ботинки', 1, 6600, 1, 1, 1, 2, 9, 'Ботинки женские зимние ROMER арт. 893167-01 Черный', NULL);
INSERT INTO public.products OVERRIDING SYSTEM VALUE VALUES (17, 'J542F5', 'Тапочки', 1, 500, 1, 1, 2, 3, 12, 'Тапочки мужские Арт.70701-55-67син р.41', NULL);
INSERT INTO public.products OVERRIDING SYSTEM VALUE VALUES (18, 'B431R5', 'Ботинки', 1, 2700, 2, 4, 2, 2, 5, 'Мужские кожаные ботинки/мужские ботинки', NULL);
INSERT INTO public.products OVERRIDING SYSTEM VALUE VALUES (19, 'P764G4', 'Туфли', 1, 6800, 1, 6, 1, 3, 15, 'Туфли женские, ARGO, размер 38', NULL);
INSERT INTO public.products OVERRIDING SYSTEM VALUE VALUES (20, 'C436G5', 'Ботинки', 1, 10200, 1, 5, 1, 2, 9, 'Ботинки женские, ARGO, размер 40', NULL);
INSERT INTO public.products OVERRIDING SYSTEM VALUE VALUES (21, 'F427R5', 'Ботинки', 1, 11800, 2, 4, 1, 4, 11, 'Ботинки на молнии с декоративной пряжкой FRAU', NULL);
INSERT INTO public.products OVERRIDING SYSTEM VALUE VALUES (22, 'N457T5', 'Полуботинки', 1, 4600, 1, 6, 1, 3, 13, 'Полуботинки Ботинки черные зимние, мех', NULL);
INSERT INTO public.products OVERRIDING SYSTEM VALUE VALUES (23, 'D364R4', 'Туфли', 1, 12400, 1, 1, 1, 2, 5, 'Туфли Luiza Belly женские Kate-lazo черные из натуральной замши', NULL);
INSERT INTO public.products OVERRIDING SYSTEM VALUE VALUES (24, 'S326R5', 'Тапочки', 1, 9900, 2, 6, 2, 3, 15, 'Мужские кожаные тапочки Профиль С.Дали ', NULL);
INSERT INTO public.products OVERRIDING SYSTEM VALUE VALUES (25, 'L754R4', 'Полуботинки', 1, 1700, 1, 1, 1, 2, 7, 'Полуботинки kari женские WB2020SS-26, размер 38, цвет: черный', NULL);
INSERT INTO public.products OVERRIDING SYSTEM VALUE VALUES (26, 'M542T5', 'Кроссовки', 1, 2800, 2, 4, 2, 5, 3, 'Кроссовки мужские TOFA', NULL);
INSERT INTO public.products OVERRIDING SYSTEM VALUE VALUES (27, 'D268G5', 'Туфли', 1, 4399, 2, 4, 1, 3, 12, 'Туфли Rieker женские демисезонные, размер 36, цвет коричневый', NULL);
INSERT INTO public.products OVERRIDING SYSTEM VALUE VALUES (28, 'T324F5', 'Сапоги', 1, 4699, 1, 6, 1, 2, 5, 'Сапоги замша Цвет: синий', NULL);
INSERT INTO public.products OVERRIDING SYSTEM VALUE VALUES (29, 'K358H6', 'Тапочки', 1, 599, 1, 4, 2, 3, 2, 'Тапочки мужские син р.41', NULL);
INSERT INTO public.products OVERRIDING SYSTEM VALUE VALUES (30, 'H535R5', 'Ботинки', 1, 2300, 2, 4, 1, 2, 7, 'Женские Ботинки демисезонные', NULL);


--
-- TOC entry 5094 (class 0 OID 34021)
-- Dependencies: 228
-- Data for Name: providers; Type: TABLE DATA; Schema: public; Owner: postgres
--

INSERT INTO public.providers OVERRIDING SYSTEM VALUE VALUES (1, 'Kari');
INSERT INTO public.providers OVERRIDING SYSTEM VALUE VALUES (2, 'Обувь для вас');


--
-- TOC entry 5086 (class 0 OID 33974)
-- Dependencies: 220
-- Data for Name: roles; Type: TABLE DATA; Schema: public; Owner: postgres
--

INSERT INTO public.roles OVERRIDING SYSTEM VALUE VALUES (1, 'Администратор');
INSERT INTO public.roles OVERRIDING SYSTEM VALUE VALUES (2, 'Менеджер');
INSERT INTO public.roles OVERRIDING SYSTEM VALUE VALUES (3, 'Авторизированный клиент');


--
-- TOC entry 5092 (class 0 OID 34013)
-- Dependencies: 226
-- Data for Name: units; Type: TABLE DATA; Schema: public; Owner: postgres
--

INSERT INTO public.units OVERRIDING SYSTEM VALUE VALUES (1, 'шт.');


--
-- TOC entry 5088 (class 0 OID 33982)
-- Dependencies: 222
-- Data for Name: users; Type: TABLE DATA; Schema: public; Owner: postgres
--

INSERT INTO public.users OVERRIDING SYSTEM VALUE VALUES (1, 1, 'Никифорова', 'Весения', 'Николаевна', '94d5ous@gmail.com', 'uzWC67');
INSERT INTO public.users OVERRIDING SYSTEM VALUE VALUES (2, 1, 'Сазонов', 'Руслан', 'Германович', 'uth4iz@mail.com', '2L6KZG');
INSERT INTO public.users OVERRIDING SYSTEM VALUE VALUES (3, 1, 'Одинцов', 'Серафим', 'Артёмович', 'yzls62@outlook.com', 'JlFRCZ');
INSERT INTO public.users OVERRIDING SYSTEM VALUE VALUES (4, 2, 'Степанов', 'Михаил', 'Артёмович', '1diph5e@tutanota.com', '8ntwUp');
INSERT INTO public.users OVERRIDING SYSTEM VALUE VALUES (5, 2, 'Ворсин', 'Петр', 'Евгеньевич', 'tjde7c@yahoo.com', 'YOyhfR');
INSERT INTO public.users OVERRIDING SYSTEM VALUE VALUES (6, 2, 'Старикова', 'Елена', 'Павловна', 'wpmrc3do@tutanota.com', 'RSbvHv');
INSERT INTO public.users OVERRIDING SYSTEM VALUE VALUES (7, 3, 'Михайлюк', 'Анна', 'Вячеславовна', '5d4zbu@tutanota.com', 'rwVDh9');
INSERT INTO public.users OVERRIDING SYSTEM VALUE VALUES (8, 3, 'Ситдикова', 'Елена', 'Анатольевна', 'ptec8ym@yahoo.com', 'LdNyos');
INSERT INTO public.users OVERRIDING SYSTEM VALUE VALUES (9, 3, 'Ворсин', 'Петр', 'Евгеньевич', '1qz4kw@mail.com', 'gynQMT');
INSERT INTO public.users OVERRIDING SYSTEM VALUE VALUES (10, 3, 'Старикова', 'Елена', 'Павловна', '4np6se@mail.com', 'AtnDjr');


--
-- TOC entry 5112 (class 0 OID 0)
-- Dependencies: 231
-- Name: categories_id_seq; Type: SEQUENCE SET; Schema: public; Owner: postgres
--

SELECT pg_catalog.setval('public.categories_id_seq', 2, true);


--
-- TOC entry 5113 (class 0 OID 0)
-- Dependencies: 239
-- Name: order_items_id_seq; Type: SEQUENCE SET; Schema: public; Owner: postgres
--

SELECT pg_catalog.setval('public.order_items_id_seq', 20, true);


--
-- TOC entry 5114 (class 0 OID 0)
-- Dependencies: 233
-- Name: order_statuses_id_seq; Type: SEQUENCE SET; Schema: public; Owner: postgres
--

SELECT pg_catalog.setval('public.order_statuses_id_seq', 2, true);


--
-- TOC entry 5115 (class 0 OID 0)
-- Dependencies: 237
-- Name: orders_id_seq; Type: SEQUENCE SET; Schema: public; Owner: postgres
--

SELECT pg_catalog.setval('public.orders_id_seq', 10, true);


--
-- TOC entry 5116 (class 0 OID 0)
-- Dependencies: 223
-- Name: pick_points_id_seq; Type: SEQUENCE SET; Schema: public; Owner: postgres
--

SELECT pg_catalog.setval('public.pick_points_id_seq', 36, true);


--
-- TOC entry 5117 (class 0 OID 0)
-- Dependencies: 229
-- Name: producers_id_seq; Type: SEQUENCE SET; Schema: public; Owner: postgres
--

SELECT pg_catalog.setval('public.producers_id_seq', 6, true);


--
-- TOC entry 5118 (class 0 OID 0)
-- Dependencies: 235
-- Name: products_id_seq; Type: SEQUENCE SET; Schema: public; Owner: postgres
--

SELECT pg_catalog.setval('public.products_id_seq', 30, true);


--
-- TOC entry 5119 (class 0 OID 0)
-- Dependencies: 227
-- Name: providers_id_seq; Type: SEQUENCE SET; Schema: public; Owner: postgres
--

SELECT pg_catalog.setval('public.providers_id_seq', 2, true);


--
-- TOC entry 5120 (class 0 OID 0)
-- Dependencies: 219
-- Name: roles_id_seq; Type: SEQUENCE SET; Schema: public; Owner: postgres
--

SELECT pg_catalog.setval('public.roles_id_seq', 3, true);


--
-- TOC entry 5121 (class 0 OID 0)
-- Dependencies: 225
-- Name: units_id_seq; Type: SEQUENCE SET; Schema: public; Owner: postgres
--

SELECT pg_catalog.setval('public.units_id_seq', 1, true);


--
-- TOC entry 5122 (class 0 OID 0)
-- Dependencies: 221
-- Name: users_id_seq; Type: SEQUENCE SET; Schema: public; Owner: postgres
--

SELECT pg_catalog.setval('public.users_id_seq', 10, true);


--
-- TOC entry 4919 (class 2606 OID 34043)
-- Name: categories categories_pkey; Type: CONSTRAINT; Schema: public; Owner: postgres
--

ALTER TABLE ONLY public.categories
    ADD CONSTRAINT categories_pkey PRIMARY KEY (id);


--
-- TOC entry 4927 (class 2606 OID 34125)
-- Name: order_items order_items_pkey; Type: CONSTRAINT; Schema: public; Owner: postgres
--

ALTER TABLE ONLY public.order_items
    ADD CONSTRAINT order_items_pkey PRIMARY KEY (id);


--
-- TOC entry 4921 (class 2606 OID 34051)
-- Name: order_statuses order_statuses_pkey; Type: CONSTRAINT; Schema: public; Owner: postgres
--

ALTER TABLE ONLY public.order_statuses
    ADD CONSTRAINT order_statuses_pkey PRIMARY KEY (id);


--
-- TOC entry 4925 (class 2606 OID 34100)
-- Name: orders orders_pkey; Type: CONSTRAINT; Schema: public; Owner: postgres
--

ALTER TABLE ONLY public.orders
    ADD CONSTRAINT orders_pkey PRIMARY KEY (id);


--
-- TOC entry 4911 (class 2606 OID 34011)
-- Name: pick_points pick_points_pkey; Type: CONSTRAINT; Schema: public; Owner: postgres
--

ALTER TABLE ONLY public.pick_points
    ADD CONSTRAINT pick_points_pkey PRIMARY KEY (id);


--
-- TOC entry 4917 (class 2606 OID 34035)
-- Name: producers producers_pkey; Type: CONSTRAINT; Schema: public; Owner: postgres
--

ALTER TABLE ONLY public.producers
    ADD CONSTRAINT producers_pkey PRIMARY KEY (id);


--
-- TOC entry 4923 (class 2606 OID 34068)
-- Name: products products_pkey; Type: CONSTRAINT; Schema: public; Owner: postgres
--

ALTER TABLE ONLY public.products
    ADD CONSTRAINT products_pkey PRIMARY KEY (id);


--
-- TOC entry 4915 (class 2606 OID 34027)
-- Name: providers providers_pkey; Type: CONSTRAINT; Schema: public; Owner: postgres
--

ALTER TABLE ONLY public.providers
    ADD CONSTRAINT providers_pkey PRIMARY KEY (id);


--
-- TOC entry 4907 (class 2606 OID 33980)
-- Name: roles roles_pkey; Type: CONSTRAINT; Schema: public; Owner: postgres
--

ALTER TABLE ONLY public.roles
    ADD CONSTRAINT roles_pkey PRIMARY KEY (id);


--
-- TOC entry 4913 (class 2606 OID 34019)
-- Name: units units_pkey; Type: CONSTRAINT; Schema: public; Owner: postgres
--

ALTER TABLE ONLY public.units
    ADD CONSTRAINT units_pkey PRIMARY KEY (id);


--
-- TOC entry 4909 (class 2606 OID 33994)
-- Name: users users_pkey; Type: CONSTRAINT; Schema: public; Owner: postgres
--

ALTER TABLE ONLY public.users
    ADD CONSTRAINT users_pkey PRIMARY KEY (id);


--
-- TOC entry 4936 (class 2606 OID 34126)
-- Name: order_items order_items_order_id_fkey; Type: FK CONSTRAINT; Schema: public; Owner: postgres
--

ALTER TABLE ONLY public.order_items
    ADD CONSTRAINT order_items_order_id_fkey FOREIGN KEY (order_id) REFERENCES public.orders(id) ON UPDATE CASCADE ON DELETE CASCADE;


--
-- TOC entry 4937 (class 2606 OID 34131)
-- Name: order_items order_items_product_id_fkey; Type: FK CONSTRAINT; Schema: public; Owner: postgres
--

ALTER TABLE ONLY public.order_items
    ADD CONSTRAINT order_items_product_id_fkey FOREIGN KEY (product_id) REFERENCES public.products(id) ON UPDATE CASCADE ON DELETE CASCADE;


--
-- TOC entry 4933 (class 2606 OID 34101)
-- Name: orders orders_pick_point_id_fkey; Type: FK CONSTRAINT; Schema: public; Owner: postgres
--

ALTER TABLE ONLY public.orders
    ADD CONSTRAINT orders_pick_point_id_fkey FOREIGN KEY (pick_point_id) REFERENCES public.pick_points(id) ON UPDATE CASCADE ON DELETE CASCADE;


--
-- TOC entry 4934 (class 2606 OID 34111)
-- Name: orders orders_status_id_fkey; Type: FK CONSTRAINT; Schema: public; Owner: postgres
--

ALTER TABLE ONLY public.orders
    ADD CONSTRAINT orders_status_id_fkey FOREIGN KEY (status_id) REFERENCES public.order_statuses(id) ON UPDATE CASCADE ON DELETE CASCADE;


--
-- TOC entry 4935 (class 2606 OID 34106)
-- Name: orders orders_user_id_fkey; Type: FK CONSTRAINT; Schema: public; Owner: postgres
--

ALTER TABLE ONLY public.orders
    ADD CONSTRAINT orders_user_id_fkey FOREIGN KEY (user_id) REFERENCES public.users(id) ON UPDATE CASCADE ON DELETE CASCADE;


--
-- TOC entry 4929 (class 2606 OID 34084)
-- Name: products products_category_id_fkey; Type: FK CONSTRAINT; Schema: public; Owner: postgres
--

ALTER TABLE ONLY public.products
    ADD CONSTRAINT products_category_id_fkey FOREIGN KEY (category_id) REFERENCES public.categories(id) ON UPDATE CASCADE ON DELETE CASCADE;


--
-- TOC entry 4930 (class 2606 OID 34079)
-- Name: products products_producer_id_fkey; Type: FK CONSTRAINT; Schema: public; Owner: postgres
--

ALTER TABLE ONLY public.products
    ADD CONSTRAINT products_producer_id_fkey FOREIGN KEY (producer_id) REFERENCES public.producers(id) ON UPDATE CASCADE ON DELETE CASCADE;


--
-- TOC entry 4931 (class 2606 OID 34074)
-- Name: products products_provider_id_fkey; Type: FK CONSTRAINT; Schema: public; Owner: postgres
--

ALTER TABLE ONLY public.products
    ADD CONSTRAINT products_provider_id_fkey FOREIGN KEY (provider_id) REFERENCES public.providers(id) ON UPDATE CASCADE ON DELETE CASCADE;


--
-- TOC entry 4932 (class 2606 OID 34069)
-- Name: products products_unit_id_fkey; Type: FK CONSTRAINT; Schema: public; Owner: postgres
--

ALTER TABLE ONLY public.products
    ADD CONSTRAINT products_unit_id_fkey FOREIGN KEY (unit_id) REFERENCES public.units(id) ON UPDATE CASCADE ON DELETE CASCADE;


--
-- TOC entry 4928 (class 2606 OID 33995)
-- Name: users users_role_id_fkey; Type: FK CONSTRAINT; Schema: public; Owner: postgres
--

ALTER TABLE ONLY public.users
    ADD CONSTRAINT users_role_id_fkey FOREIGN KEY (role_id) REFERENCES public.roles(id) ON UPDATE CASCADE ON DELETE CASCADE;


-- Completed on 2026-02-17 15:02:13

--
-- PostgreSQL database dump complete
--
